DEATH,Fri Jan 31 2025
GLOBE,Sat Feb 1 2025
STUFF,Sun Feb 2 2025
RIVAL,Mon Feb 3 2025
BRING,Tue Feb 4 2025
STOCK,Wed Feb 5 2025
BLEED,Thu Feb 6 2025
BUILD,Fri Feb 7 2025
ALIVE,Sat Feb 8 2025
OPIUM,Sun Feb 9 2025
SPEED,Mon Feb 10 2025
ANGRY,Tue Feb 11 2025
,Wed Feb 12 2025
,Thu Feb 13 2025
HEART,Fri Feb 14 2025
,Sat Feb 15 2025
,Sun Feb 16 2025
,Mon Feb 17 2025
,Tue Feb 18 2025
,Wed Feb 19 2025
,Thu Feb 20 2025
,Fri Feb 21 2025
,Sat Feb 22 2025
,Sun Feb 23 2025
,Mon Feb 24 2025
,Tue Feb 25 2025
,Wed Feb 26 2025
,Thu Feb 27 2025
,Fri Feb 28 2025
,Sat Mar 1 2025